Date,LMCADS03,DXY,COMXCOPR,SPX,BCOM,MXWD,CL1,XAU,XAG,LMCADY RETURN,True Values,LMCADY,Predictions,PREDICTED PRICE,ACTUAL FUTURE PRICE,ERROR,ERROR%,XPCD_CHG,ACT_CHG
3/27/2023,8964,102.86,15400,3977.53,103.7487,626.52,72.81,1956.67,23.081,0.004422557,-0.00383362,8951.25,0.00203851,8969.51582,9003.5,33.9842,0.003774552,18.27,52.25
3/28/2023,8978,102.43,15624,3971.27,104.362,627.48,73.2,1973.54,23.334,0.001897375,-0.025751769,8968.25,0.003347038,8998.317366,8917,81.3174,0.009119364,30.07,-51.25
3/29/2023,9002.5,102.64,16027,4027.81,104.1591,635.3,72.97,1964.7,23.335,0.004505765,-0.025179064,9008.75,0.002670028,9032.835757,8740.25,292.5858,0.033475674,24.09,-268.50
3/30/2023,9001,102.14,16278,4050.83,104.3921,639.89,74.37,1980.37,23.903,-0.000610704,-0.02206715,9003.25,0.000124303,9004.369197,8784.75,219.6192,0.025000051,1.12,-218.50
3/31/2023,8993,102.51,16543,4109.31,105.5076,646.76,75.67,1969.28,24.099,2.77674E-05,-0.022094918,9003.5,-0.00057356,8998.337436,8806.75,191.5874,0.021754613,-5.16,-196.75
4/3/2023,8917,102.09,16942,4124.51,106.5337,649.2,80.42,1984.65,23.9845,-0.009653823,-0.012441094,8917,0.000793577,8924.079136,8806.75,117.3291,0.013322637,7.08,-110.25
4/4/2023,8751,101.59,17503,4100.6,106.5169,647.67,80.71,2020.42,25.0056,-0.020020774,0.012648143,8740.25,0.004090237,8776.072902,8806.75,30.6771,0.003483362,35.82,66.50
4/5/2023,8782,101.85,18197,4090.38,106.6344,645.06,80.61,2020.73,24.9415,0.00507847,0.014919874,8784.75,0.00620046,8839.388708,8851.5,12.1113,0.001368276,54.64,66.75
4/6/2023,8800,101.82,18749,4105.02,106.2398,646.07,80.7,2007.91,24.9798,0.002501209,0.028985104,8806.75,-0.002677283,8783.203371,8916.8,133.5966,0.014982576,-23.55,110.05
4/7/2023,8800,102.09,18749,4105.02,106.2398,646.31,80.7,2007.91,24.9781,0,0.02506158,8806.75,-0.007090532,8744.526318,9065.75,321.2237,0.035432665,-62.22,259.00
4/10/2023,8800,102.58,19447,4109.11,106.2505,645.57,79.74,1991.48,24.873,0,0.017580941,8806.75,-0.008005644,8736.527757,9030.25,293.7222,0.03252648,-70.22,223.50
4/11/2023,8854.5,102.2,20062,4108.94,107.1386,648.35,81.53,2003.62,25.0615,0.005068463,0.017126411,8851.5,-0.007396536,8786.271093,8962.95,176.6789,0.019712138,-65.23,111.45
4/12/2023,8916.5,101.5,20817,4091.95,107.6193,647.83,83.26,2014.93,25.5013,0.007350202,0.003464966,8916.8,-0.009610861,8831.512375,9004.4,172.8876,0.019200349,-85.29,87.60
4/13/2023,9058.5,101.01,21679,4146.22,107.7188,655.04,82.16,2040.22,25.828,0.016566439,-0.022364437,9065.75,-0.012066537,8957.015138,8947.75,9.2651,0.001035471,-108.73,-118.00
4/14/2023,9023.5,101.55,22301,4137.64,107.8204,654.57,82.52,2004.17,25.348,-0.003923524,-0.028274502,9030.25,-0.019368289,8857.032388,8865.25,8.2176,0.000926946,-173.22,-165.00
4/17/2023,8964.5,102.1,23194,4151.32,108.0345,655.11,80.83,1995.19,25.033,-0.007480639,-0.028627623,8962.95,-0.014471964,8834.172589,8778.5,55.6726,0.006341925,-128.78,-184.45
4/18/2023,9012.5,101.75,23835,4154.87,108.7529,656.67,80.86,2005.45,25.1925,0.004613933,-0.05694155,9004.4,-0.013202605,8886.299794,8710,176.2998,0.020241079,-118.10,-294.40
4/19/2023,8965.5,101.97,24484,4154.52,107.3306,655.43,79.16,1994.93,25.2915,-0.006311243,-0.047197457,8947.75,-0.014303838,8820.673839,8506,314.6738,0.036994338,-127.08,-441.75
4/20/2023,8881,101.84,25262,4129.79,106.3893,653.14,77.29,2004.8,25.2902,-0.009262964,-0.033929752,8865.25,-0.011519921,8763.709015,8535.25,228.4590,0.026766529,-101.54,-330.00
4/21/2023,8794.5,101.82,25478,4133.52,105.5753,652.61,77.87,1983.06,25.0846,-0.00983359,-0.023221348,8778.5,-0.010367245,8687.961269,8569.5,118.4613,0.013823592,-90.54,-209.00
4/24/2023,8730.5,101.35,26425,4137.04,105.9963,653.15,78.76,1989.14,25.16,-0.007833759,-0.015387589,8710,-0.009587037,8626.895905,8577,49.8959,0.005817408,-83.10,-133.00
4/25/2023,8528,101.86,27249,4071.63,104.6145,644.61,77.07,1997.39,25.014,-0.023699994,-0.001882797,8506,-0.010381504,8418.151715,8577,158.8483,0.018520262,-87.85,71.00
4/26/2023,8552.5,101.47,27497,4055.99,103.4534,642.74,74.3,1989.04,24.8812,0.00343285,-0.010896562,8535.25,-0.007068905,8475.127878,8490,14.8721,0.001751722,-60.12,-45.25
4/27/2023,8586.5,101.5,27647,4135.35,103.3361,650.49,74.76,1987.78,24.9276,0.004004741,-0.011159534,8569.5,-0.002652957,8546.795615,8442.75,104.0456,0.012323664,-22.70,-126.75
4/28/2023,8595.5,101.66,27647,4169.48,104.3114,655,76.78,1990,25.0545,0.000874814,-0.001954807,8577,-0.004628982,8537.388976,8474.4,62.9890,0.007432854,-39.61,-102.60
5/1/2023,8595.5,102.15,27647,4167.87,103.6653,654.49,75.66,1982.56,24.9915,0,-0.001954807,8577,-0.007599047,8512.069986,8560.25,48.1800,0.005628342,-64.93,-16.75
5/2/2023,8514,101.96,27647,4119.58,102.3281,647.99,71.66,2016.68,25.3715,-0.010195202,0.008474006,8490,-0.003626251,8459.268885,8560.25,100.9811,0.011796515,-30.73,70.25
5/3/2023,8468.5,101.34,27647,4090.75,101.5413,646.29,68.6,2038.97,25.577,-0.005580915,-0.000770188,8442.75,0.000841952,8449.861382,8562.25,112.3886,0.013126061,7.11,119.50
5/4/2023,8493.5,101.4,27647,4061.22,101.6529,643.25,68.56,2050.28,26.0505,0.003741769,-0.041095404,8474.4,0.000670145,8480.080982,8436.25,43.8310,0.005195553,5.68,-38.15
5/5/2023,8581.5,101.21,27647,4136.25,102.9563,652.45,71.34,2016.79,25.6663,0.010079541,-0.040224692,8560.25,0.001313034,8571.497277,8133.2,438.2973,0.053889893,11.25,-427.05
5/8/2023,8581.5,101.38,27647,4138.12,103.6997,654.12,73.16,2021.16,25.552,0,-0.040772104,8560.25,0.002808531,8584.325518,8222.75,361.5755,0.043972578,24.08,-337.50
5/9/2023,8591.5,101.61,27647,4119.17,103.5492,651.11,73.71,2034.56,25.6022,0.000233611,-0.058684259,8562.25,0.005789567,8611.965497,8218.25,393.7155,0.047907462,49.72,-344.00
5/10/2023,8475,101.48,27647,4137.64,102.734,652.43,72.56,2030.09,25.4022,-0.014825109,-0.020780435,8436.25,0.007401409,8498.921777,8074.24,424.6818,0.052597121,62.67,-362.01
5/11/2023,8163.5,102.06,27647,4130.62,101.1199,650.7,70.87,2015.05,24.1835,-0.036583447,-0.000580506,8133.2,0.005312206,8176.520195,8262.75,86.2298,0.010435969,43.32,129.55
5/12/2023,8253,102.68,27647,4124.08,101.1839,649.22,70.04,2010.77,23.969,0.010950253,-0.002648605,8222.75,0.004245098,8257.730573,8128.48,129.2506,0.015900952,34.98,-94.27
5/15/2023,8272.5,102.43,27647,4136.28,102.3245,651.63,71.11,2016.49,24.0855,-0.000547412,-0.019253926,8218.25,0.008849504,8291.300188,8201,90.3002,0.011010875,73.05,-17.25
5/16/2023,8121.5,102.56,27647,4109.9,101.1662,648.23,70.86,1989.17,23.7491,-0.017678544,-0.004779655,8074.24,0.007587862,8135.739248,8061.53,74.2092,0.009205355,61.50,-12.71
5/17/2023,8302,102.88,27647,4158.77,101.4239,651.81,72.83,1981.84,23.7505,0.023078715,-0.051021025,8262.75,0.003136373,8288.705749,8035.74,252.9657,0.031480081,25.96,-227.01
5/18/2023,8172.5,103.58,27647,4198.05,100.966,655.94,71.86,1957.55,23.4925,-0.016383518,-0.026645837,8128.48,0.009676716,8207.518794,7851.75,355.7688,0.045310764,79.04,-276.73
5/19/2023,8251.5,103.2,27647,4191.98,101.0741,656.42,71.55,1977.81,23.8525,0.008882154,-0.01165157,8201,0.00688284,8257.640872,7914.75,342.8909,0.04332302,56.64,-286.25
5/22/2023,8127.5,103.2,27647,4192.63,100.8743,657.46,71.99,1971.86,23.6275,-0.017152733,0.005501163,8061.53,0.005808978,8108.495532,8106,2.4955,0.000307862,46.97,44.47
5/23/2023,8102,103.49,27647,4145.58,100.4944,651.17,72.91,1975.23,23.4491,-0.003204273,0.008335271,8035.74,0.005346661,8078.819437,8106,27.1806,0.003353141,43.08,70.26
5/24/2023,7901.5,103.89,27647,4115.24,100.5773,644.84,74.34,1957.16,23.056,-0.023162655,0.027417045,7851.75,0.004523653,7887.349047,8103,215.6510,0.026613717,35.60,251.25
5/25/2023,7962.5,104.25,27709,4151.28,99.2939,646,71.83,1941.41,22.7405,0.00799167,0.040272237,7914.75,0.005732927,7960.254994,8070,109.7450,0.013599133,45.50,155.25
5/26/2023,8135,104.21,27709,4205.45,100.0794,653.05,72.67,1946.46,23.301,0.023876421,0.015606669,8106,0.008253592,8173.180475,8240,66.8195,0.008109166,67.18,134.00
5/29/2023,8135,104.21,27709,4205.45,100.0794,653.48,72.67,1943.19,23.1843,0,0.027380169,8106,0.007146706,8164.138701,8233.5,69.3613,0.008424279,58.14,127.50
5/30/2023,8123,104.17,27709,4205.52,98.3284,652.38,69.46,1959.33,23.1749,-0.000370165,0.02810917,8103,0.012336784,8203.584127,8331.01,127.4259,0.015295369,100.58,228.01
5/31/2023,8089,104.33,27702,4179.83,97.9647,646.37,68.09,1962.73,23.4858,-0.004080881,0.027149772,8070,0.011659001,8164.638763,8334,169.3612,0.020321723,94.64,264.00
6/1/2023,8243.5,103.56,27702,4221.02,99.1922,653.02,70.1,1977.61,23.858,0.020846862,0.011583141,8240,0.013067209,8348.380374,8292.1,56.2804,0.006787228,108.38,52.10
6/2/2023,8237,104.02,27702,4282.37,99.8213,663.25,71.74,1947.97,23.606,-0.000789146,0.013930574,8233.5,0.008515031,8303.907845,8336,32.0922,0.003849827,70.41,102.50
6/5/2023,8335,104,27702,4273.79,100.0633,662.78,72.15,1961.86,23.545,0.0117735,-0.005900212,8331.01,0.0077883,8396.147729,8349,47.1477,0.005647111,65.14,17.99
6/6/2023,8339,104.13,27702,4283.85,100.4277,664.49,71.74,1963.52,23.5682,0.000358836,0.013822908,8334,0.007222147,8394.407243,8282,112.4072,0.013572476,60.41,-52.00
6/7/2023,8293.5,104.1,27997,4267.52,100.6793,662.65,72.53,1940.02,23.4181,-0.005040279,0.025850553,8292.1,0.004696702,8331.137121,8450,118.8629,0.014066613,39.04,157.90
6/8/2023,8347.5,103.34,28242,4293.93,101.388,665.76,71.29,1965.46,24.2377,0.005280231,0.026048137,8336,0.008124243,8403.999538,8509.25,105.2505,0.012368947,68.00,173.25
6/9/2023,8371.5,103.56,28067,4298.86,100.9596,667.08,70.17,1961.19,24.293,0.001558286,0.024374136,8349,0.003366443,8377.153798,8555.99,178.8362,0.020901871,28.15,206.99
6/12/2023,8310.5,103.65,28067,4338.93,99.9348,671.33,67.12,1957.84,24.0531,-0.008057286,0.031378852,8282,0.003102589,8307.735541,8555,247.2645,0.028902918,25.74,273.00
6/13/2023,8460,103.34,28067,4369.01,101.1083,676.94,69.42,1943.74,23.666,0.020081956,0.012027965,8450,0.003406662,8478.835379,8546,67.1646,0.007859188,28.84,96.00
6/14/2023,8509,102.95,28064,4372.59,101.2802,679.1,68.27,1942.52,23.9191,0.006987366,0.011334876,8509.25,0.002916944,8534.107243,8552.25,18.1428,0.002121402,24.86,43.00
6/15/2023,8558,102.12,28174,4425.84,103.5079,685.26,70.62,1958.01,23.8607,0.005477815,0.002714875,8555.99,0.005268595,8601.187004,8606.25,5.0630,0.000588293,45.20,50.26
6/16/2023,8566.5,102.24,28416,4409.59,105.1417,684.89,71.78,1957.98,24.2,-0.000115715,-0.017184806,8555,0.001329572,8566.382053,8579.25,12.8679,0.001499892,11.38,24.25
6/19/2023,8540,102.52,28416,4409.59,105.1417,682.92,71.78,1950.48,23.9528,-0.00105257,-0.014616007,8546,0.002439681,8566.874963,8409.24,157.6350,0.018745447,20.87,-136.76
6/20/2023,8548,102.54,28682,4388.71,103.6242,678.97,70.5,1936.42,23.134,0.000731069,-0.020107857,8552.25,0.002990619,8577.864807,8422,155.8648,0.018506864,25.61,-130.25
6/21/2023,8602.5,102.07,29290,4365.69,104.7676,675.89,72.53,1932.55,22.6364,0.006294277,-0.04112463,8606.25,-0.00431664,8569.179984,8382,187.1800,0.022331184,-37.07,-224.25
6/22/2023,8574,102.39,29851,4381.89,103.2163,676.2,69.51,1914.01,22.245,-0.003142186,-0.048021162,8579.25,-0.008194988,8509.230446,8259.5,249.7304,0.03023554,-70.02,-319.75
6/23/2023,8390.5,102.9,30254,4348.33,102.3456,669.76,69.16,1921.2,22.428,-0.020015396,-0.010422483,8409.24,-0.004892641,8368.197096,8177,191.1971,0.023382304,-41.04,-232.24
6/26/2023,8391,102.69,30709,4328.82,102.4776,668.04,69.37,1923.26,22.7905,0.001516228,-0.002972831,8422,0.001442812,8434.160129,8322.05,112.1101,0.013471456,12.16,-99.95
6/27/2023,8363,102.49,30994,4378.41,101.2242,673.87,67.7,1913.69,22.8595,-0.00476078,-0.004304167,8382,-0.003290975,8354.460393,8397,42.5396,0.005066048,-27.54,15.00
6/28/2023,8255,102.91,31488,4376.86,100.3296,674.42,69.56,1907.32,22.6975,-0.014722496,0.005373273,8259.5,-0.004555074,8221.962927,8346,124.0371,0.014861859,-37.54,86.50
6/29/2023,8177.5,103.34,31958,4396.44,100.2506,675.9,69.86,1908.2,22.5645,-0.010038718,0.008402899,8177,-0.00684552,8121.215338,8304,182.7847,0.02201164,-55.78,127.00
6/30/2023,8315.5,102.91,33929,4450.38,101.4785,682.84,70.64,1919.35,22.7747,0.017583284,0.004609615,8322.05,-0.007437963,8260.380532,8246,14.3805,0.00174394,-61.67,-76.05
7/3/2023,8398,102.99,34949,4455.59,101.2527,685.07,69.79,1921.64,22.9193,0.00896588,-0.004836017,8397,-0.009915084,8314.154429,8360.5,46.3456,0.005543397,-82.85,-36.50
7/4/2023,8359.5,103.04,34949,4455.59,101.2527,685.22,69.79,1925.48,22.9667,-0.006092117,-0.004924639,8346,-0.007705361,8281.938186,8356.49,74.5518,0.008921427,-64.06,10.49
7/5/2023,8319,103.37,35394,4446.82,102.0268,682.46,71.79,1915.3,23.1087,-0.005045056,0.022004431,8304,-0.002655084,8281.981428,8305,23.0186,0.002771652,-22.02,1.00
7/6/2023,8261.5,103.17,35746,4411.59,101.3891,673.81,71.8,1910.9,22.72,-0.007009092,0.052099421,8246,0.001732368,8260.297487,8488.75,228.4525,0.026912386,14.30,242.75
7/7/2023,8370.5,102.27,36298,4398.95,101.9122,673.44,73.86,1925.05,23.0888,0.01379,0.035398547,8360.5,0.005812485,8409.236785,8687,277.7632,0.031974584,48.74,326.50
7/10/2023,8372.5,101.97,36648,4409.53,102.1541,674.94,72.99,1925.35,23.13,-0.000479751,0.013255871,8356.49,0.006161624,8408.138502,8661.75,253.6115,0.029279476,51.65,305.26
7/11/2023,8322.5,101.73,37634,4439.26,103.1002,680.43,74.83,1932.23,23.1222,-0.006180739,0.016715623,8305,0.007664954,8368.902036,8468,99.0980,0.011702641,63.90,163.00
7/12/2023,8499.5,100.52,38301,4472.16,103.3871,688.22,75.75,1957.35,24.1225,0.021884014,-0.010296979,8488.75,0.004873908,8530.224373,8444.99,85.2344,0.010092892,41.47,-43.76
7/13/2023,8694,99.77,39874,4510.04,104.5159,696.01,76.89,1960.51,24.88,0.023085898,-0.026389833,8687,-0.002587828,8664.548602,8401.79,262.7586,0.031274122,-22.45,-285.21
7/14/2023,8673.5,99.91,40905,4505.42,104.5971,696.22,75.42,1955.21,24.9497,-0.002910875,-0.028010084,8661.75,-0.001308239,8650.425769,8460.75,189.6758,0.022418316,-11.32,-201.00
7/17/2023,8491,99.84,41079,4522.79,103.5916,697,74.15,1955.04,24.8414,-0.022622427,0.002329594,8468,-0.002040976,8450.734643,8422.5,28.2346,0.003352288,-17.27,-45.50
7/18/2023,8473,99.94,41079,4554.98,104.9102,700.82,75.75,1978.72,25.0558,-0.002720987,0.022973882,8444.99,-0.001584985,8431.615417,8487.75,56.1346,0.0066136,-13.37,42.76
7/19/2023,8429,100.28,41535,4565.72,105.5207,701.76,75.35,1976.64,25.1452,-0.005128588,0.020668571,8401.79,-0.002353703,8382.037939,8641.25,259.2121,0.029997056,-19.75,239.46
7/20/2023,8485.5,100.88,42829,4534.87,106.0429,697.89,75.63,1969.53,24.7605,0.006993044,0.007917045,8460.75,-0.000239193,8458.726493,8577.25,118.5235,0.013818357,-2.02,116.50
7/21/2023,8452,101.07,44333,4536.34,106.1991,697.43,77.07,1961.94,24.6133,-0.004531126,0.023815077,8422.5,-0.00359716,8392.257347,8528,135.7427,0.01591729,-30.24,105.50
7/24/2023,8517,101.35,46084,4554.64,107.6541,699.15,78.74,1954.73,24.3477,0.007717251,0.036127774,8487.75,-0.002137142,8469.629841,8625.49,155.8602,0.018069717,-18.12,137.74
7/25/2023,8673.5,101.35,45984,4567.46,108.2421,702.15,79.63,1964.96,24.6893,0.017923301,-0.005453873,8641.25,-0.002153332,8622.662543,8800,177.3375,0.020151984,-18.59,158.75
7/26/2023,8617.5,100.89,45619,4566.75,107.5335,701.98,78.78,1972.07,24.9307,-0.007433899,-0.012672573,8577.25,-0.004922837,8535.129361,8594.25,59.1206,0.006879092,-42.12,17.00
7/27/2023,8569,101.77,45252,4537.41,106.9292,700.1,80.09,1946,24.1355,-0.005758482,0.004971207,8528,-0.003951466,8494.368391,8469.24,25.1284,0.002967018,-33.63,-58.76
7/28/2023,8662.5,101.62,43396,4582.23,107.2298,705.51,80.58,1959.49,24.3443,0.011366905,-0.011924049,8625.49,-0.006774797,8567.251556,8570.5,3.2484,0.000379026,-58.24,-54.99
7/31/2023,8831.5,101.86,43460,4588.96,107.3396,707.11,81.8,1965.09,24.7465,0.020029949,-0.04223042,8800,-0.010075581,8711.780067,8523.25,188.5301,0.022119505,-88.22,-276.75
8/1/2023,8631,102.3,43460,4576.73,106.6636,703.6,81.37,1944.29,24.305,-0.023658346,-0.03447648,8594.25,-0.006980837,8534.46386,8436.11,98.3539,0.011658674,-59.79,-158.14
8/2/2023,8509.5,102.59,43637,4513.39,105.0157,692.02,79.49,1934.45,23.7167,-0.014652599,-0.012592473,8469.24,-0.001814053,8453.890273,8303,150.8903,0.018172982,-15.35,-166.24
8/3/2023,8611,102.54,43658,4501.89,105.5456,689.58,81.55,1934.06,23.5708,0.011885298,-0.026215445,8570.5,0.00224211,8589.737559,8363.26,226.4776,0.027080057,19.24,-207.24
8/4/2023,8573,102.02,43537,4478.03,105.932,689,82.82,1942.91,23.6345,-0.00552835,-0.031905966,8523.25,0.001337691,8534.659106,8348.74,185.9191,0.022269122,11.41,-174.51
8/7/2023,8485,102.05,43579,4518.44,105.7569,692.42,81.94,1936.56,23.1341,-0.010276422,-0.023187276,8436.11,0.002600246,8458.074505,8255.6,202.4745,0.024525717,21.96,-180.51
8/8/2023,8347.5,102.53,43797,4499.38,105.7102,688.28,82.92,1925.24,22.782,-0.015904407,-0.019396832,8303,0.004342652,8339.135445,8242.75,96.3854,0.01169336,36.14,-60.25
8/9/2023,8397.5,102.49,43700,4467.71,106.5389,686.19,84.4,1914.46,22.6632,0.007231408,-0.030103296,8363.26,0.006469686,8417.543071,8143.5,274.0431,0.033651755,54.28,-219.76
8/10/2023,8386,102.52,43701,4468.83,105.8719,687.94,82.82,1912.48,22.7043,-0.001737674,-0.017872822,8348.74,0.004988059,8390.488038,8115.25,275.2380,0.03391615,41.75,-233.49
8/11/2023,8294.5,102.84,43385,4464.05,105.5861,684.68,83.19,1913.76,22.6857,-0.011218871,-0.005082179,8255.6,0.006350853,8308.196939,8200.85,107.3469,0.013089733,52.60,-54.75
8/14/2023,8291.5,103.19,43268,4489.72,105.0976,684.7,82.51,1907.1,22.6,-0.001557732,-0.000455049,8242.75,0.007419604,8304.135387,8213.75,90.3854,0.011004156,61.39,-29.00
8/15/2023,8199.5,103.21,43131,4437.86,103.8041,678.47,80.99,1902,22.5286,-0.012113963,0.022727423,8143.5,0.009543303,8221.587899,8239,17.4121,0.002113375,78.09,95.50
8/16/2023,8167,103.43,42905,4404.33,103.4349,673.38,79.38,1891.81,22.415,-0.003475055,0.037369444,8115.25,0.00989822,8195.97539,8330.7,134.7246,0.016172064,80.73,215.45
8/17/2023,8235.5,103.57,43345,4370.36,103.7637,668.35,80.39,1889.43,22.6928,0.0104928,0.015205392,8200.85,0.011834249,8298.477435,8424.25,125.7726,0.014929823,97.63,223.40
8/18/2023,8240.5,103.38,41444,4369.71,104.2442,666.77,81.25,1889.31,22.75,0.001571772,0.012762527,8213.75,0.015850142,8344.976335,8326.5,18.4763,0.00221898,131.23,112.75
8/21/2023,8274.5,103.3,40292,4399.77,104.2595,669.11,80.72,1894.93,23.307,0.003069398,0.009693129,8239,0.020854848,8412.627285,8319.25,93.3773,0.011224243,173.63,80.25
8/22/2023,8362.5,103.56,39117,4387.55,103.9352,669.34,80.35,1897.48,23.4065,0.011068509,0.009592887,8330.7,0.020582112,8503.940108,8319.25,184.6901,0.022200332,173.24,-11.45
8/23/2023,8452,103.42,37577,4436.01,104.6391,675.46,78.89,1915.48,24.3108,0.011166965,0.002525224,8424.25,0.023556488,8625.051548,8411,214.0515,0.025449001,200.80,-13.25
8/24/2023,8359.5,103.98,36199,4376.31,104.8874,669.87,79.05,1916.91,24.1225,-0.011671252,0.009324077,8326.5,0.013621117,8440.692178,8445.55,4.8578,0.000575193,114.19,119.05
8/25/2023,8355.5,104.08,34958,4405.71,105.4753,670.23,79.83,1914.96,24.226,-0.000871093,0.019049896,8319.25,0.016701667,8459.362139,8404.5,54.8621,0.00652771,140.11,85.25
8/28/2023,8355.5,104.06,33801,4433.31,105.6527,675.63,80.1,1920.17,24.23,0,0.01408432,8319.25,0.01448469,8440.628702,8479.25,38.6213,0.004554801,121.38,160.00
8/29/2023,8448.5,103.53,33281,4497.63,105.7818,684.51,81.16,1937.54,24.7237,0.010968266,0.008464845,8411,0.010038036,8495.855098,8437.25,58.6051,0.006945995,84.86,26.25
8/30/2023,8472.5,103.16,32877,4514.87,106.1231,687.86,81.63,1942.32,24.6156,0.004099302,-0.010330781,8445.55,0.002932635,8470.354069,8482.5,12.1459,0.001431881,24.80,36.95
8/31/2023,8422.5,103.62,32404,4507.66,106.0289,686.15,83.63,1940.19,24.443,-0.004872399,-0.011397925,8404.5,0.003712132,8435.756588,8358.75,77.0066,0.009212692,31.26,-45.75
9/1/2023,8500.5,104.24,31914,4515.77,106.7234,687.26,85.55,1940.06,24.188,0.008854726,-0.029957502,8479.25,0.007888724,8546.404998,8309.25,237.1550,0.028541084,67.15,-170.00
9/4/2023,8452,104.24,31914,4515.77,106.7234,688.12,85.55,1942.69,23.9915,-0.004965576,-0.007345649,8437.25,0.007491673,8500.696484,8229,271.6965,0.03301695,63.45,-208.25
9/5/2023,8487,104.81,31306,4496.83,106.6385,683.97,86.69,1926.12,23.5416,0.005348792,-0.013650064,8482.5,0.009041359,8559.541081,8375.5,184.0411,0.021973743,77.04,-107.00
9/6/2023,8371.5,104.86,30018,4465.48,106.3853,680.02,87.54,1916.56,23.1683,-0.014696323,0.004625148,8358.75,0.005805168,8407.415068,8367.5,39.9151,0.00477025,48.67,8.75
9/7/2023,8321,105.06,28722,4451.14,106.0115,677.65,86.87,1919.68,22.9682,-0.005939542,0.007553313,8309.25,0.005874149,8358.203412,8397.5,39.2966,0.004679558,48.95,88.25
9/8/2023,8242.5,105.09,27870,4457.49,106.0826,678.02,87.51,1919.08,22.9266,-0.009704851,0.014638954,8229,0.005408677,8273.628588,8372.25,98.6214,0.011779559,44.63,143.25
9/11/2023,8402,104.57,27448,4487.46,106.6824,682.53,87.29,1922.3,23.0785,0.017646277,-0.009079359,8375.5,0.00500419,8417.517638,8350.35,67.1676,0.008043691,42.02,-25.15
9/12/2023,8391,104.71,26815,4461.9,106.8176,679.61,88.84,1913.67,23.0658,-0.000955623,-0.016143956,8367.5,0.00259451,8389.23775,8299.8,89.4377,0.010775892,21.74,-67.70
9/13/2023,8417,104.77,26340,4467.44,106.9543,679.73,88.52,1908.12,22.838,0.003578888,-0.013909931,8397.5,0.001743467,8412.153535,8233.5,178.6535,0.021698371,14.65,-164.00
9/14/2023,8417.5,105.41,25894,4505.1,107.7119,685.6,90.16,1910.79,22.6491,-0.003011377,-0.029392493,8372.25,0.00257994,8393.877787,8281.5,112.3778,0.013569738,21.63,-90.75
9/15/2023,8405.5,105.32,25894,4450.32,107.4702,681.34,90.77,1923.91,23.0361,-0.002619211,-0.022846073,8350.35,0.001445652,8362.430426,8129.75,232.6804,0.028620859,12.08,-220.60
9/18/2023,8359.5,105.2,25939,4453.53,107.4003,679.7,91.48,1933.84,23.2434,-0.006072036,-0.027409015,8299.8,0.000245821,8301.840515,8161.74,140.1005,0.01716552,2.04,-138.06
9/19/2023,8292.5,105.13,25384,4443.95,107.4641,678.56,91.2,1931.36,23.2005,-0.00802022,-0.024509991,8233.5,0.001031903,8242.000555,8075.4,166.6006,0.020630626,8.50,-158.10
9/20/2023,8345.5,105.33,25384,4402.2,107.2461,675.24,90.28,1930.3,23.2387,0.005812914,-0.027544892,8281.5,0.001514345,8294.050545,8034.15,259.9005,0.032349476,12.55,-247.35
9/21/2023,8194,105.36,25362,4330,106.0696,663.83,89.63,1920.02,23.401,-0.018493939,0.004577594,8129.75,0.000458511,8133.478438,8056.5,76.9784,0.009554824,3.73,-73.25
9/22/2023,8222,105.58,25362,4320.06,106.2245,663.14,90.03,1925.23,23.5616,0.003927209,0.006200002,8161.74,0.001117568,8170.866394,8167.05,3.8164,0.000467292,9.13,5.31
9/25/2023,8145.5,106,25362,4337.44,105.7523,662.62,89.68,1915.92,23.1388,-0.010634978,-0.01213465,8075.4,0.004130404,8108.823639,8212.5,103.6764,0.012624214,33.42,137.10
9/26/2023,8091,106.23,25362,4273.53,105.405,654.68,90.39,1900.65,22.8491,-0.005121197,-0.013174282,8034.15,0.007803406,8097.088981,7978,119.0890,0.014927172,62.94,-56.15
9/27/2023,8114,106.67,25362,4274.51,105.7688,653.93,93.68,1875.12,22.5456,0.002778013,-0.022786034,8056.5,0.005900572,8104.178485,7929,175.1785,0.022093389,47.68,-127.50
9/28/2023,8217.5,106.22,25339,4299.7,105.8928,656.72,91.71,1864.87,22.6238,0.013628548,-0.042943787,8167.05,0.008345848,8235.496181,7875,360.4962,0.045777293,68.45,-292.05
9/29/2023,8270.5,106.17,25339,4288.05,104.8391,656.82,90.79,1848.63,22.1795,0.005549617,-0.029816065,8212.5,0.010345115,8297.900233,7823.75,474.1502,0.06060396,85.40,-388.75
10/2/2023,8053,106.9,25340,4288.39,103.7479,653.75,88.82,1828.03,21.045,-0.02896963,0.007648042,7978,0.012120974,8075.289562,7971.25,104.0396,0.01305185,97.29,-6.75
10/3/2023,8006.5,107,25340,4229.45,103.4618,644.8,89.23,1823.02,21.1731,-0.006160829,0.002015876,7929,0.002532626,7949.106639,8039.25,90.1434,0.011212907,20.11,110.25
10/4/2023,7949.5,106.8,25340,4263.75,101.6285,646.27,84.22,1821.36,21.01,-0.00683374,0.009038395,7875,0.001589126,7887.524316,7945,57.4757,0.007234196,12.52,70.00
10/5/2023,7899,106.33,25035,4258.19,101.6456,647.59,82.31,1820.3,20.9734,-0.006529205,0.011690466,7823.75,0.004934825,7862.454258,7946.5,84.0457,0.010576448,38.70,122.75
10/6/2023,8046,106.04,24774,4308.5,102.5742,654.04,82.79,1833.01,21.6032,0.018677339,-0.012045282,7971.25,0.002635183,7992.283406,7915.75,76.5334,0.009668497,21.03,-55.50
10/9/2023,8104,106.08,24605,4335.66,103.756,656.67,86.38,1861.41,21.88,0.008494477,-0.015512933,8039.25,0.002824712,8061.990669,7875.81,186.1807,0.023639558,22.74,-163.44
10/10/2023,8022.5,105.83,24409,4358.24,103.6054,663.34,85.97,1860.4,21.8421,-0.011792995,-0.005332,7945,0.005366218,7987.749203,7915.5,72.2492,0.00912756,42.75,-29.50
10/11/2023,8024,105.82,24260,4376.95,103.0353,666.63,83.49,1874.36,22.0375,0.00018878,-0.005678965,7946.5,0.00793915,8009.839554,7902.75,107.0896,0.013550923,63.34,-43.75
10/12/2023,7991,106.6,24214,4349.61,103.3567,663.89,82.91,1868.9,21.8294,-0.003877135,0.001546351,7915.75,0.010290303,7997.626008,7901.5,96.1260,0.012165539,81.88,-14.25
10/13/2023,7949,106.65,24209,4327.78,105.287,658.54,87.69,1932.82,22.7202,-0.005058409,0.00050141,7875.81,0.016682362,8008.299157,7928,80.2992,0.010128552,132.49,52.19
10/16/2023,7976.5,106.24,24209,4373.63,104.7056,662.94,86.66,1920.2,22.6145,0.005026826,-0.001863905,7915.5,0.017282162,8053.485866,7879.76,173.7259,0.022047101,137.99,-35.74
10/17/2023,7970.5,106.25,23808,4373.2,104.8331,663.98,86.66,1923.18,22.8092,-0.001612062,0.010353982,7902.75,0.013601542,8010.973924,7900.76,110.2139,0.013949788,108.22,-1.99
10/18/2023,7972.5,106.57,23808,4314.6,105.8979,655.83,88.32,1947.55,22.8415,-0.000158185,0.007187925,7901.5,0.013782238,8011.154258,7985,26.1543,0.003275424,109.65,83.50
10/19/2023,7993,106.25,23808,4278,106.0803,649.28,89.37,1974.46,23.0452,0.003348182,-0.002146601,7928,0.016174946,8057.277683,7958.5,98.7777,0.012411596,129.28,30.50
10/20/2023,7948.5,106.16,23808,4224.16,105.8155,642.07,88.75,1981.4,23.3747,-0.00610335,0.018887081,7879.76,0.016951911,8014.475608,7911,103.4756,0.013079966,134.72,31.24
10/23/2023,7972,105.54,23808,4217.04,104.8618,640.56,85.49,1972.85,22.9775,0.002661511,0.021039618,7900.76,0.016211012,8029.883095,8030,0.1169,1.45585E-05,129.12,129.24
10/24/2023,8051.5,106.27,23608,4247.68,104.5826,643.9,83.74,1970.97,22.9167,0.010605824,0.005495206,7985,0.01425432,8099.635828,8068.75,30.8858,0.003827833,114.64,83.75
10/25/2023,8032,106.53,23522,4186.77,105.0615,637.78,85.39,1979.72,22.865,-0.003324242,0.008943988,7958.5,0.007827546,8021.039969,8029,7.9600,0.00099141,62.54,70.50
10/26/2023,7985.5,106.6,23477,4137.23,104.5994,630.65,83.21,1984.71,22.795,-0.005986344,0.019155515,7911,0.003438072,7938.245399,8030,91.7546,0.011426476,27.25,119.00
10/27/2023,8099,106.56,22721,4117.37,105.63,629.46,85.54,2006.37,23.1199,0.014930332,0.008148529,8030,0.000407521,8033.273061,8064,30.7269,0.003810384,3.27,34.00
10/30/2023,8140.5,106.12,22121,4166.82,104.474,634.88,82.31,1996.1,23.3357,0.004814048,0.010968594,8068.75,-0.004659006,8031.245078,8095.7,64.4549,0.007961624,-37.50,26.95
10/31/2023,8110.5,106.66,21921,4193.8,104.6162,636.65,81.02,1983.88,22.8451,-0.004938588,0.008927524,8029,-0.008519665,7960.886175,8157.74,196.8538,0.024130927,-68.11,128.74
11/1/2023,8109.5,106.88,21322,4237.86,104.1593,642.65,80.44,1982.53,22.9489,0.000124541,0.003542907,8030,-0.009149877,7956.861602,8101,144.1384,0.017792667,-73.14,71.00
11/2/2023,8143,106.12,21322,4317.78,105.0477,655.05,82.46,1985.78,22.7652,0.004225183,0.000509543,8064,-0.01026309,7981.661688,8058.5,76.8383,0.009535064,-82.34,-5.50
11/3/2023,8175.5,105.02,20624,4358.34,105.2272,662.77,80.51,1992.65,23.2145,0.003923345,-0.017571365,8095.7,-0.012819604,7992.578731,8068.11,75.5313,0.009361705,-103.12,-27.59
11/6/2023,8238,105.22,20524,4365.98,104.9975,665.45,80.82,1978.14,23.0268,0.007634113,-0.009420606,8157.74,-0.008025029,8092.535882,7954.69,137.8459,0.017328882,-65.20,-203.05
11/7/2023,8186.5,105.54,20423,4378.38,103.0161,664.42,77.37,1969.45,22.635,-0.006979659,0.005293949,8101,-0.001603522,8088.020275,8081.25,6.7703,0.000837776,-12.98,-19.75
11/8/2023,8142,105.59,20423,4382.78,102.3481,664.43,75.33,1950.2,22.5593,-0.005260076,0.014016834,8058.5,0.002241422,8076.58276,8144,67.4172,0.008278148,18.08,85.50
11/9/2023,8147,105.91,20402,4347.35,102.1643,662.37,75.74,1958.55,22.6377,0.001191819,0.006657175,8068.11,0.005058453,8109.025549,8172.25,63.2245,0.00773648,40.92,104.14
11/10/2023,8035.5,105.86,20402,4415.24,101.6086,666.26,77.17,1940.2,22.2675,-0.014157562,0.026486875,7954.69,0.002530699,7974.846421,8122,147.1536,0.018117899,20.16,167.31
11/13/2023,8167,105.63,20402,4411.55,103.1268,667.35,78.26,1946.92,22.3258,0.015784872,0.031546628,8081.25,0.003560589,8110.075299,8168.2,58.1247,0.007115974,28.83,86.95
11/14/2023,8235,104.05,20402,4495.7,103.3938,679.93,78.26,1964.29,23.0909,0.007734896,0.025339296,8144,-0.000297571,8141.576945,8340.25,198.6731,0.023820995,-2.42,196.25
11/15/2023,8265.5,104.39,20307,4502.88,103.3672,684.16,76.66,1959.85,23.4421,0.003462809,0.00983129,8172.25,-0.004496324,8135.587401,8353,217.4126,0.026028086,-36.66,180.75
11/16/2023,8220,104.35,20216,4508.24,101.7808,683.62,72.9,1980.9,23.7472,-0.006167839,0.022461912,8122,-0.000983224,8114.018177,8252.99,138.9718,0.016838967,-7.98,130.99
11/17/2023,8267,103.92,19815,4514.02,101.9202,685.7,75.89,1980.82,23.7189,0.005672137,0.019584877,8168.2,-0.000398553,8164.945188,8306.5,141.5548,0.017041451,-3.25,138.30
11/20/2023,8430.5,103.44,19793,4547.38,102.6901,690.4,77.6,1978.07,23.4438,0.020844626,-0.009759408,8340.25,0.000976463,8348.397921,8329.75,18.6479,0.002238713,8.15,-10.50
11/21/2023,8449,103.57,20895,4538.19,102.9389,689.6,77.77,1998.29,23.7519,0.001527564,0.004151552,8353,0.004930559,8394.286655,8259.25,135.0367,0.016349748,41.29,-93.75
11/22/2023,8353.5,103.92,21866,4556.62,102.1838,690.24,77.1,1990.17,23.6316,-0.012045197,0.010067905,8252.99,0.00938014,8330.768418,8387.75,56.9816,0.006793429,77.78,134.76
11/23/2023,8409.5,103.92,21866,4556.62,102.1838,691.39,77.1,1992.25,23.6785,0.006462782,0.009704161,8306.5,0.01112872,8399.457,8336.5,62.9570,0.00755197,92.96,30.00
11/24/2023,8428.5,103.4,21538,4559.34,101.4189,692.15,75.54,2000.82,24.33,0.002795103,0.024754247,8329.75,0.007748953,8394.547574,8387.5,7.0476,0.000840247,64.80,57.75
11/27/2023,8364,103.2,22970,4550.43,100.9681,690.46,74.86,2014.13,24.649,-0.008499659,0.012453536,8259.25,0.007751902,8323.523693,8538.52,214.9963,0.025179575,64.27,279.27
11/28/2023,8473,102.75,20590,4554.89,101.9748,691.99,76.41,2040.97,25.0263,0.015438524,-0.01622583,8387.75,0.005312324,8432.427007,8362.75,69.6770,0.008331829,44.68,-25.00
11/29/2023,8415.5,102.77,20184,4550.58,102.3333,692.09,77.86,2044.24,25.0201,-0.006128844,-0.016356882,8336.5,-0.006112971,8285.694659,8252.75,32.9447,0.003991961,-50.81,-83.75
11/30/2023,8464.5,103.5,19655,4567.8,101.8067,694.38,75.96,2036.41,25.272,0.006099038,-0.015560075,8387.5,-0.004785038,8347.461367,8201.25,146.2114,0.017827937,-40.04,-186.25
12/1/2023,8610.5,103.27,18845,4594.63,101.4705,697.51,74.07,2072.22,25.486,0.017845188,-0.020381935,8538.52,-0.006731887,8481.232688,8258,223.2327,0.027032294,-57.29,-280.52
12/4/2023,8443,103.71,18346,4569.78,99.9919,694.48,73.04,2029.42,24.5055,-0.02080037,-0.013683217,8362.75,-0.012645062,8257.66829,8366.25,108.5817,0.01297854,-105.08,3.50
12/5/2023,8334.5,104.05,17686,4567.18,99.5711,693.17,72.32,2019.36,24.1588,-0.013240842,0.000847843,8252.75,-0.0092064,8177.120554,8249.1,71.9794,0.008725733,-75.63,-3.65
12/6/2023,8286,104.15,16969,4549.34,97.5491,692.93,69.38,2025.55,23.8993,-0.006259896,0.004398178,8201.25,-0.004322414,8165.877303,8259.75,93.8727,0.011365077,-35.37,58.50
12/7/2023,8342,103.54,16485,4585.59,97.8204,695.95,69.34,2028.47,23.8017,0.006895846,0.024227028,8258,-0.002426295,8237.987947,8237.4,0.5879,7.13753E-05,-20.01,-20.60
12/8/2023,8448.5,104.01,16199,4604.37,97.8635,698.32,71.23,2004.67,23.0006,0.013023328,0.01051083,8366.25,-0.003159701,8339.856871,8460.51,120.6531,0.01426074,-26.39,94.26
12/11/2023,8341,104.1,15759,4622.44,97.304,700.08,71.32,1981.95,22.8195,-0.014101652,0.017390426,8249.1,-0.002578336,8227.858446,8454.65,226.7916,0.026824476,-21.24,205.55
12/12/2023,8355,103.87,17007,4643.7,96.3658,702.59,68.61,1979.54,22.7743,0.001290217,0.028730665,8259.75,-0.000693762,8254.021688,8393.81,139.7883,0.016653738,-5.73,134.06
12/13/2023,8330,102.87,16985,4707.09,96.4029,709.27,69.47,2027.74,23.815,-0.002709561,0.030027546,8237.4,-0.000859752,8230.320919,8500.5,270.1791,0.031783905,-7.08,263.10
12/14/2023,8551.5,101.96,16985,4719.55,98.5902,716.39,71.58,2036.36,24.1844,0.026724695,0.005656208,8460.51,-0.003737935,8428.944197,8488.5,59.5558,0.007016057,-31.57,27.99
12/15/2023,8549,102.55,16788,4719.19,98.8993,716.45,71.43,2019.62,23.8556,-0.00069287,0.003406515,8454.65,0.00170676,8469.092383,8508.5,39.4076,0.004631559,14.44,53.85
12/18/2023,8482.5,102.56,16701,4740.56,99.1083,717.3,72.47,2027.19,23.8045,-0.007222056,0.010628571,8393.81,0.007326195,8455.530501,8483.5,27.9695,0.003296929,61.72,89.69
12/19/2023,8593.5,102.17,17064,4768.37,99.5763,721.87,73.44,2040.35,24.0516,0.012630456,-0.002001885,8500.5,0.00891141,8576.589972,8483.5,93.0900,0.010973062,76.09,-17.00
12/20/2023,8582.5,102.41,17514,4698.35,99.1295,715.31,74.22,2031.39,24.1473,-0.001412679,0.011770009,8488.5,0.006179917,8541.120651,8483.5,57.6207,0.006792085,52.62,-5.00
12/21/2023,8595.5,101.84,17605,4746.75,99.0173,720.15,73.89,2045.95,24.405,0.002353358,0.002553006,8508.5,0.00931914,8588.162519,8589,0.8375,9.75062E-05,79.66,80.50
12/22/2023,8573.5,101.7,18039,4754.63,99.3544,721.18,73.56,2053.08,24.1883,-0.002942563,-0.002310677,8483.5,0.004798186,8524.303223,8530.25,5.9468,0.00069714,40.80,46.75
12/25/2023,8573.5,101.7,18039,4754.63,99.3544,721.3,73.56,2053.08,24.1883,0,-0.002310677,8483.5,0.004067602,8518.077778,8463.92,54.1578,0.006398664,34.58,-19.58
12/26/2023,8573.5,101.47,18561,4774.75,99.9115,723.77,75.57,2067.81,24.2258,0,-0.005081552,8483.5,0.004513184,8521.874126,8463.92,57.9541,0.006847197,38.37,-19.58
12/27/2023,8690.5,100.99,18561,4781.58,100.1262,727.29,74.11,2077.49,24.266,0.012359214,-0.02005065,8589,0.003146949,8616.071718,8440.5,175.5717,0.020801104,27.07,-148.50
12/28/2023,8624.5,101.23,18215,4783.35,99.5651,728.75,71.77,2065.61,23.9743,-0.006863645,-0.019227663,8530.25,-0.000132356,8529.121046,8418.5,110.6210,0.013140232,-1.13,-111.75
12/29/2023,8559,101.33,18810,4769.83,98.646,727,71.65,2062.98,23.7953,-0.007806246,-0.012234386,8463.92,0.001541052,8476.973396,8367.8,109.1734,0.013046846,13.05,-96.12
1/1/2024,8559,101.33,18810,4769.83,98.646,727.08,71.65,2062.98,23.7953,0,-0.014786378,8463.92,0.002645803,8486.343513,8361,125.3435,0.01499145,22.42,-102.92
1/2/2024,8544.5,102.2,19009,4742.83,98.0974,721.57,70.38,2058.96,23.6638,-0.002770875,-0.021205423,8440.5,0.001688542,8454.764181,8339.69,115.0742,0.013798376,14.26,-100.81
1/3/2024,8517,102.49,19224,4704.81,98.3249,714.48,72.7,2041.49,22.9895,-0.002609883,-0.017918082,8418.5,-0.000449634,8414.715609,8263.4,151.3156,0.018311544,-3.78,-155.10
1/4/2024,8466.5,102.42,19332,4688.68,98.3138,714.24,72.19,2043.65,23.0108,-0.006040659,-0.012700111,8367.8,-0.003071835,8342.134936,8269,73.1349,0.008844472,-25.67,-98.80
1/5/2024,8463,102.41,19602,4697.24,98.6326,715.4,73.81,2045.45,23.192,-0.000812969,-0.014432073,8361,-0.002024909,8344.086869,8262.2,81.8869,0.009911025,-16.91,-98.80
1/8/2024,8448,102.21,19934,4763.54,97.4017,721.79,70.77,2028.07,23.1101,-0.002551992,-0.006700102,8339.69,-0.002532634,8318.595341,8241.2,77.3953,0.009391271,-21.09,-98.49
1/9/2024,8369.5,102.57,19934,4756.5,98.2761,720.14,72.24,2030.2,22.9818,-0.00918992,0.000556517,8263.4,-0.002746951,8240.731995,8284,43.2680,0.005223081,-22.67,20.60
1/10/2024,8370.5,102.36,19698,4783.45,97.4891,722.83,71.37,2024.41,22.9005,0.000677458,-0.011524613,8269,-0.002220731,8250.657149,8268,17.3429,0.002097587,-18.34,-1.00
1/11/2024,8355,102.29,19772,4780.24,97.665,722.4,72.02,2028.91,22.7509,-0.000822687,-0.004658507,8262.2,-0.001868886,8246.77331,8174.25,72.5233,0.008872167,-15.43,-87.95
1/12/2024,8339,102.4,19568,4783.83,97.959,724.77,72.68,2049.06,23.1947,-0.002544932,0.003701339,8241.2,-0.000211969,8239.453306,8223.8,15.6533,0.001903415,-1.75,-17.40
1/15/2024,8381,102.4,19568,4783.83,97.959,724.03,72.68,2056.55,23.2212,0.005179979,-0.003567437,8284,-0.000120416,8283.002531,8271.76,11.2425,0.001359146,-1.00,-12.24
1/16/2024,8354.5,103.36,20454,4765.98,97.4334,718.96,72.4,2028.44,22.9193,-0.001933302,0.005307612,8268,0.003127736,8293.900605,8254.5,39.4006,0.004773227,25.90,-13.50
1/17/2024,8268,103.45,20386,4739.21,96.6416,712.11,72.56,2006.25,22.5565,-0.011403672,0.035835475,8174.25,0.006460837,8227.233471,8312,84.7665,0.010198091,52.98,137.75
1/18/2024,8310,103.54,20136,4780.94,97.1996,717.01,74.08,2023.34,22.7409,0.00604342,0.030383206,8223.8,0.008010241,8289.939162,8472.49,182.5508,0.021546303,66.14,248.69
1/19/2024,8351,103.29,20972,4839.81,96.7989,724.32,73.41,2029.49,22.6216,0.005814914,0.021088342,8271.76,0.007631433,8335.126865,8477.5,142.3731,0.016794236,63.37,205.74
1/22/2024,8345.5,103.33,21449,4850.43,96.8997,726.64,75.19,2021.7,22.096,-0.002088798,0.023999476,8254.5,0.003114186,8280.246118,8448.05,167.8039,0.019863031,25.75,193.55
1/23/2024,8405,103.62,22368,4864.6,97.6048,727.44,74.37,2029.28,22.444,0.006941748,0.023747308,8312,0.002033903,8328.923008,8455,126.0770,0.014911531,16.92,143.00
1/24/2024,8562.5,103.24,23351,4868.55,98.4872,730.96,75.09,2013.89,22.6675,0.01912419,0.003300541,8472.49,0.003092403,8498.730903,8511.75,13.0191,0.001529544,26.24,39.26
1/25/2024,8568.5,103.57,23860,4894.16,98.7207,733.21,77.36,2020.84,22.9135,0.000591151,-0.006152773,8477.5,0.009290322,8556.625687,8500.5,56.1257,0.006602634,79.13,23.00
1/26/2024,8545.5,103.43,24365,4890.97,98.7813,733.77,78.01,2018.52,22.802,-0.00347995,-0.008763377,8448.05,0.008386194,8519.194887,8425.5,93.6949,0.011120395,71.14,-22.55
1/29/2024,8558,103.61,24639,4927.93,97.9105,738.28,76.78,2033.23,23.2043,0.000822337,-0.024879383,8455,0.005650032,8502.906232,8374.34,128.5662,0.015352402,47.91,-80.66
1/30/2024,8615,103.4,24243,4924.97,98.858,737.65,77.82,2037.01,23.1719,0.00668958,-0.026005631,8511.75,0.000983122,8520.122202,8247.24,272.8822,0.0330877,8.37,-264.51
1/31/2024,8608.5,103.27,24243,4845.65,98.5602,730.84,75.85,2039.52,22.958,-0.001322577,-0.036144501,8500.5,0.002478167,8521.591778,8293.25,228.3418,0.027533449,21.09,-207.25
2/1/2024,8534.5,103.05,23674,4906.19,97.5928,735.72,73.82,2054.99,23.1782,-0.008862164,-0.041249855,8425.5,-0.000226813,8423.5892,8198.74,224.8492,0.027424848,-1.91,-226.76
2/2/2024,8482,103.92,24680,4958.61,96.6698,740.45,72.28,2039.76,22.691,-0.006090553,-0.037633597,8374.34,0.000305104,8376.895438,8085.02,291.8754,0.036100769,2.56,-289.32
2/5/2024,8359.5,104.45,24369,4942.81,96.4708,737.19,72.78,2025.11,22.3535,-0.01529367,-0.01448005,8247.24,0.00133844,8258.285822,8065.04,193.2458,0.023960925,11.05,-182.20
2/6/2024,8402,104.21,23605,4954.23,96.6324,740.68,73.31,2036.14,22.4256,0.005563332,-0.016749385,8293.25,0.003189554,8319.744002,8128.68,191.0640,0.023504924,26.49,-164.57
2/7/2024,8312,104.06,23303,4995.06,96.6545,745.1,73.86,2035.36,22.2199,-0.011461447,-0.012486861,8198.74,0.00099103,8206.869222,8155.5,51.3692,0.006298721,8.13,-43.24
2/8/2024,8193.5,104.17,23106,4997.91,96.9936,744.95,76.22,2034.52,22.5845,-0.013967517,0.016922139,8085.02,-0.000264947,8082.878179,8097,14.1218,0.001744081,-2.14,11.98
2/9/2024,8169,104.11,22557,5026.61,96.9496,747.93,76.84,2024.26,22.6142,-0.002474295,0.041782917,8065.04,-0.004617372,8027.886555,8223,195.1134,0.023727769,-37.15,157.96
2/12/2024,8235,104.17,22726,5021.84,96.7209,747.89,76.92,2020.05,22.6992,0.007859877,0.027282064,8128.68,-0.007397675,8068.768543,8409.16,340.3915,0.040478651,-59.91,280.48
2/13/2024,8260,104.96,23618,4953.17,96.2778,739.58,77.87,1993.15,22.1195,0.003293998,0.032391041,8155.5,-0.007497587,8094.582082,8353.5,258.9179,0.030995142,-60.92,198.00
2/14/2024,8197,104.72,23639,5000.62,95.4028,744.95,76.64,1992.33,22.372,-0.007198924,0.043441754,8097,-0.007937471,8032.984693,8423.99,391.0053,0.04641569,-64.02,326.99
2/15/2024,8314,104.3,24122,5029.73,95.6234,750.55,78.03,2004.4,22.9242,0.015441483,0.033072232,8223,-0.006091116,8173.064987,8456.5,283.4350,0.033516823,-49.94,233.50
2/16/2024,8489,104.28,24880,5005.57,96.2531,750.24,79.19,2013.59,23.4207,0.022386482,0.007799065,8409.16,-0.006983128,8350.642312,8499.5,148.8577,0.017513699,-58.52,90.34
2/19/2024,8434.5,104.29,24880,5005.57,96.2531,750.61,79.19,2017.21,23.0232,-0.006640975,0.000957224,8353.5,-0.001631171,8339.885117,8475,135.1149,0.015942759,-13.61,121.50
2/20/2024,8500,104.08,25485,4975.51,95.8341,748.23,78.18,2024.41,23.0047,0.008402975,-0.00580266,8423.99,-0.000785703,8417.373846,8361.5,55.8738,0.006682275,-6.62,-62.49
2/21/2024,8542,104.01,26940,4981.8,96.5535,747.91,77.91,2025.99,22.886,0.003851789,-0.012105137,8456.5,-0.001710941,8442.043797,8375.25,66.7938,0.007975141,-14.46,-81.25
2/22/2024,8584.5,103.96,27689,5087.03,96.4155,760.41,78.61,2024.39,22.7506,0.005071962,-0.011597077,8499.5,0.00111084,8508.946828,8354.75,154.1968,0.018456187,9.45,-144.75
2/23/2024,8567.5,103.94,28585,5088.8,95.4053,761.18,76.49,2035.4,22.95,-0.002886685,-0.006985997,8475,-0.003447196,8445.835308,8401.5,44.3353,0.00527707,-29.16,-73.50
2/26/2024,8466,103.83,29265,5069.53,95.796,759.17,77.58,2031.24,22.5206,-0.013482816,0.011227768,8361.5,0.000743053,8367.715345,8416,48.2847,0.005737245,6.22,54.50
2/27/2024,8474,103.83,29259,5078.18,96.6585,760.7,78.87,2030.48,22.462,0.001643091,0.00304006,8375.25,0.006594337,8430.661719,8455.91,25.2483,0.002985874,55.41,80.66
2/28/2024,8448.5,103.98,29562,5069.76,96.6555,758.13,78.54,2034.55,22.4578,-0.002450689,0.015381264,8354.75,0.007774938,8419.96084,8400.75,19.2108,0.002286801,65.21,46.00
2/29/2024,8493.5,104.16,29031,5096.27,96.6989,761.28,78.26,2044.3,22.6756,0.005580022,0.017110411,8401.5,0.008764691,8475.460197,8484.25,8.7898,0.001036014,73.96,82.75
3/1/2024,8503.5,103.86,28853,5137.08,97.2157,767.07,79.97,2082.92,23.1235,0.001724395,0.008432738,8416,0.008078502,8484.264037,8546.49,62.2260,0.007280879,68.26,130.49
3/4/2024,8542.5,103.83,28464,5130.95,97.6548,767.13,78.74,2114.48,23.8865,0.004730949,0.012193696,8455.91,0.006722051,8512.942529,8487.27,25.6725,0.003024828,57.03,31.36
3/5/2024,8491.5,103.8,28924,5078.65,97.2962,761.34,78.15,2128.04,23.671,-0.006544618,0.018860975,8400.75,0.007975643,8468.019284,8559.65,91.6307,0.010704961,67.27,158.90
3/6/2024,8577,103.37,29434,5104.76,97.866,765.88,79.13,2148.18,24.1673,0.009890516,0.04033528,8484.25,0.010744701,8575.902236,8560.7,15.2022,0.001775817,91.65,76.45
3/7/2024,8640.5,102.82,29937,5157.36,98.2922,773.07,78.93,2159.98,24.3281,0.007309169,0.027325826,8546.49,0.007517482,8610.980183,8833.46,222.4798,0.025186033,64.49,286.97
3/8/2024,8579.5,102.71,30817,5123.69,98.004,771.3,78.01,2178.95,24.3117,-0.006953279,0.055151044,8487.27,0.006349565,8541.331921,8783.25,241.9181,0.027543117,54.06,295.98
3/11/2024,8653,102.87,30836,5117.94,98.2987,768.77,77.93,2182.75,24.4684,0.008491908,0.04862075,8559.65,0.010487654,8649.893039,8968.5,318.6070,0.035525111,90.24,408.85
3/12/2024,8657,102.96,31108,5175.27,98.184,775.71,77.56,2158.34,24.1448,0.000122661,0.035584149,8560.7,0.009714323,8644.266644,8986.11,341.8434,0.038041305,83.57,425.41
3/13/2024,8927,102.79,30603,5165.31,98.9916,775.3,79.72,2174.41,25.0062,0.031364821,-0.001656442,8833.46,0.011286871,8933.726909,8870.81,62.9169,0.007092578,100.27,37.35
3/14/2024,8887.5,103.36,30316,5150.48,99.0783,772.65,81.26,2162.19,24.8169,-0.005700285,0.006175637,8783.25,0.009659191,8868.50015,8818.84,49.6602,0.005631143,85.25,35.59
3/15/2024,9072,103.43,30303,5117.09,99.1895,767.62,81.04,2155.9,25.1869,0.020871939,-0.02397469,8968.5,0.009438519,9053.5501,8837.66,215.8901,0.024428423,85.05,-130.84
3/18/2024,9089,103.58,29880,5149.42,99.6785,771.48,82.72,2160.36,25.0373,0.001961614,-0.025754731,8986.11,0.005189556,9032.865133,8756.04,276.8251,0.031615334,46.76,-230.07
3/19/2024,8976.5,103.82,30081,5178.51,99.5907,773.32,83.47,2157.59,24.9148,-0.012913941,-0.013887283,8870.81,0.003434465,8901.328867,8757.63,143.6989,0.01640842,30.52,-113.18
3/20/2024,8928,103.39,30423,5224.62,99.2492,778.06,81.68,2186.39,25.5824,-0.005875769,-0.00847799,8818.84,0.008934104,8897.981436,8748.47,149.5114,0.01709001,79.14,-70.37
3/21/2024,8950.5,104.01,30863,5241.53,99.4434,783.34,81.07,2181.33,24.7437,0.002131794,-0.008083356,8837.66,0.009604109,8922.946742,8744.39,178.5567,0.020419577,85.29,-93.27
3/22/2024,8866.5,104.43,30772,5234.18,98.704,781.32,80.63,2165.44,24.6733,-0.009278388,0.001195032,8756.04,0.005830809,8807.243928,8766.51,40.7339,0.004646539,51.20,10.47
3/25/2024,8873,104.22,30879,5218.19,99.2827,779.45,81.95,2171.83,24.6834,0.000181572,0.001013459,8757.63,0.008066016,8828.55484,8766.51,62.0448,0.007077485,70.92,8.88
3/26/2024,8862,104.3,30951,5203.58,98.6781,778.53,81.62,2178.8,24.4553,-0.001046492,0.015829975,8748.47,0.005751801,8798.934447,8766.51,32.4244,0.003698672,50.46,18.04
3/27/2024,8849.5,104.35,30504,5248.49,98.3107,782.94,81.35,2194.79,24.6488,-0.000466476,0.045402728,8744.39,0.003616107,8776.067888,8888.06,111.9921,0.012600288,31.68,143.67
3/28/2024,8867,104.55,30059,5254.35,99.4894,783.17,83.17,2229.87,24.9631,0.002526428,0.052826025,8766.51,0.004363992,8804.85058,9150.56,345.7094,0.037780138,38.34,384.05
3/29/2024,8867,104.49,30059,5254.35,99.4894,783.58,83.17,2229.87,24.9631,0,0.049188191,8766.51,0.003884903,8800.633283,9242.06,441.4267,0.047762806,34.12,475.55
4/1/2024,8867,105.02,29905,5243.77,99.9046,780.83,83.71,2251.44,25.0842,0,0.057085469,8766.51,0.003969003,8801.373441,9208.5,407.1266,0.044212039,34.86,441.99
4/2/2024,8991,104.82,29891,5205.81,100.6986,777.04,85.15,2280.67,26.1411,0.013770023,0.043475967,8888.06,0.00504588,8933.021424,9281.51,348.4886,0.037546539,44.96,393.45
4/3/2024,9262.5,104.25,29618,5211.49,101.9094,777.81,85.43,2300,27.1822,0.029106277,0.009775506,9150.56,0.003358551,9181.344292,9283,101.6557,0.010950739,30.78,132.44
4/4/2024,9359,104.12,29684,5147.21,102.2595,773.44,86.59,2290.94,26.9141,0.009949725,-0.003485812,9242.06,0.002157922,9262.025179,9240.45,21.5752,0.002334862,19.97,-1.61
4/5/2024,9329.5,104.3,29454,5204.34,102.8961,776.51,86.91,2329.75,27.4757,-0.003637834,0.013450965,9208.5,0.004496067,9249.995246,9209.9,40.0952,0.004353494,41.50,1.40
4/8/2024,9411.5,104.14,29505,5202.39,102.9183,778.04,86.43,2339.03,27.8505,0.007897279,0.023211758,9281.51,0.001946226,9299.591504,9333.2,33.6085,0.003600962,18.08,51.69
4/9/2024,9417.5,104.15,29607,5209.91,102.8042,779.23,85.23,2352.78,28.152,0.000160521,0.007736879,9283,0.008117817,9358.664395,9499.47,9358.6644,0.01482247,75.66,-9283.00
4/10/2024,9374,105.25,29285,5160.64,102.8709,772.78,86.21,2334.04,27.9481,-0.004594185,0.026616414,9240.45,0.015452075,9384.342986,9355.1,9384.3430,0.003125887,143.89,-9240.45
4/11/2024,9342,105.28,29173,5199.06,102.3493,774.88,85.02,2372.52,28.4437,-0.003311593,0.046886155,9209.9,0.017096216,9368.70808,9489.7,9368.7081,0.012749815,158.81,-9209.90
4/12/2024,9457.5,106.04,28998,5123.41,102.9251,765.67,85.66,2344.37,27.8773,0.013298943,0.048522778,9333.2,0.013884485,9463.690476,9652,9463.6905,0.019509897,130.49,-9333.20
